{"parameters/mlp_extractor.policy_net.0.bias":{"bins":[-0.08851668983697891,-0.0861973762512207,-0.08387807011604309,-0.08155875653028488,-0.07923944294452667,-0.07692013680934906,-0.07460082322359085,-0.07228150963783264,-0.06996220350265503,-0.06764288991689682,-0.06532357633113861,-0.0630042627453804,-0.06068495661020279,-0.05836564302444458,-0.05604633316397667,-0.05372701957821846,-0.05140770971775055,-0.04908839985728264,-0.04676908627152443,-0.04444977641105652,-0.04213046282529831,-0.0398111529648304,-0.03749184310436249,-0.03517252951860428,-0.03285321965813637,-0.030533907935023308,-0.028214596211910248,-0.025895286351442337,-0.023575974628329277,-0.021256662905216217,-0.018937353044748306,-0.016618041321635246,-0.01429872214794159,-0.01197941042482853,-0.009660099633038044,-0.007340788375586271,-0.005021477118134499,-0.002702165860682726,-0.0003828546032309532,0.0019364566542208195,0.004255767911672592,0.006575079169124365,0.008894390426576138,0.011213701218366623,0.013533012941479683,0.015852324664592743,0.018171634525060654,0.020490946248173714,0.022810257971286774,0.025129569694399834,0.027448881417512894,0.029768191277980804,0.032087504863739014,0.034406814724206924,0.036726124584674835,0.039045438170433044,0.041364748030900955,0.043684057891368866,0.046003371477127075,0.048322681337594986,0.0506419911980629,0.052961304783821106,0.05528061464428902,0.057599928230047226,0.05991923809051514],"_type":"histogram","values":[1,0,0,0,0,0,0,0,1,0,1,3,1,2,2,2,2,4,2,5,13,6,8,1,10,5,5,8,7,12,10,10,9,12,13,19,10,14,13,4,8,3,2,2,5,3,1,4,3,1,1,0,1,3,0,0,1,0,1,0,1,0,0,1]},"parameters/action_net.weight":{"bins":[-0.6227496862411499,-0.6057705283164978,-0.5887913703918457,-0.5718122124671936,-0.5548330545425415,-0.5378538966178894,-0.5208747386932373,-0.5038955807685852,-0.4869163930416107,-0.4699372351169586,-0.4529580771923065,-0.4359789192676544,-0.41899973154067993,-0.40202057361602783,-0.38504141569137573,-0.36806225776672363,-0.35108309984207153,-0.33410394191741943,-0.31712478399276733,-0.30014562606811523,-0.28316646814346313,-0.26618728041648865,-0.24920812249183655,-0.23222896456718445,-0.21524980664253235,-0.19827064871788025,-0.18129149079322815,-0.16431231796741486,-0.14733316004276276,-0.13035400211811066,-0.11337483674287796,-0.09639567136764526,-0.07941645383834839,-0.06243729218840599,-0.04545813053846359,-0.028478968888521194,-0.011499807238578796,0.005479354411363602,0.022458516061306,0.0394376777112484,0.056416839361190796,0.0733959972858429,0.09037516266107559,0.10735432803630829,0.12433348596096039,0.1413126438856125,0.15829181671142578,0.17527097463607788,0.19225013256072998,0.20922929048538208,0.22620844841003418,0.24318762123584747,0.2601667642593384,0.27714595198631287,0.29412510991096497,0.31110426783561707,0.32808342576026917,0.34506258368492126,0.36204174160957336,0.37902089953422546,0.39600008726119995,0.41297924518585205,0.42995840311050415,0.44693756103515625,0.46391671895980835],"_type":"histogram","values":[1,0,0,0,0,0,0,0,1,0,0,0,1,1,3,6,6,8,16,20,38,56,67,111,157,217,266,374,413,531,628,748,820,879,976,1016,1030,1034,988,924,848,723,642,539,479,394,318,230,187,123,105,62,51,25,17,13,11,5,6,8,4,0,1,1]},"parameters/action_net.bias":{"_type":"histogram","values":[1,0,0,0,0,0,0,0,0,0,0,0,0,0,0,0,0,0,1,0,0,1,1,0,0,0,2,2,1,3,1,0,0,3,3,2,3,3,4,0,3,4,1,1,3,2,3,1,1,2,1,3,0,1,0,1,0,1,0,0,2,1,0,1],"bins":[-0.5276824235916138,-0.5147967338562012,-0.5019109845161438,-0.4890252947807312,-0.4761395752429962,-0.46325385570526123,-0.45036813616752625,-0.43748244643211365,-0.42459672689437866,-0.4117110073566437,-0.3988252878189087,-0.3859395682811737,-0.3730538785457611,-0.3601681590080261,-0.34728243947029114,-0.33439671993255615,-0.32151103019714355,-0.30862531065940857,-0.2957395911216736,-0.2828538715839386,-0.2699681520462036,-0.257082462310791,-0.24419674277305603,-0.23131102323532104,-0.21842530369758606,-0.20553959906101227,-0.19265387952327728,-0.1797681748867035,-0.1668824553489685,-0.15399675071239471,-0.14111103117465973,-0.12822532653808594,-0.11533960700035095,-0.10245389491319656,-0.08956818282604218,-0.07668247073888779,-0.0637967586517334,-0.05091104283928871,-0.038025327026844025,-0.025139614939689636,-0.012253902852535248,0.0006318101659417152,0.013517523184418678,0.026403237134218216,0.039288949221372604,0.05217466130852699,0.06506037712097168,0.07794608920812607,0.09083180129528046,0.10371751338243484,0.11660322546958923,0.12948894500732422,0.142374649643898,0.155260369181633,0.1681460738182068,0.18103179335594177,0.19391751289367676,0.20680321753025055,0.21968893706798553,0.23257464170455933,0.2454603612422943,0.2583460807800293,0.2712317705154419,0.2841174900531769,0.29700320959091187]},"_wandb":{"runtime":28},"parameters/mlp_extractor.value_net.0.weight":{"_type":"histogram","values":[1,1,1,0,0,0,1,1,1,0,0,2,0,3,3,2,2,6,4,11,9,25,24,33,62,76,131,204,318,577,1380,4224,15659,9011,2225,952,468,265,147,84,47,38,26,18,16,7,6,4,3,1,1,3,1,3,1,3,0,0,1,0,0,2,0,2],"bins":[-4.86879301071167,-4.720377445220947,-4.571961879730225,-4.423546314239502,-4.275130748748779,-4.126715183258057,-3.978299379348755,-3.8298838138580322,-3.6814682483673096,-3.533052682876587,-3.3846371173858643,-3.2362215518951416,-3.08780574798584,-2.939390182495117,-2.7909746170043945,-2.642559051513672,-2.494143486022949,-2.3457279205322266,-2.197312355041504,-2.0488967895507812,-1.900481104850769,-1.7520655393600464,-1.6036498546600342,-1.4552342891693115,-1.3068187236785889,-1.1584031581878662,-1.0099875926971436,-0.8615719079971313,-0.7131563425064087,-0.564740777015686,-0.4163251519203186,-0.26790955662727356,-0.11949396133422852,0.02892163395881653,0.17733722925186157,0.3257528245449066,0.47416841983795166,0.6225839853286743,0.7709996104240417,0.9194152355194092,1.0678308010101318,1.2162463665008545,1.3646619319915771,1.5130776166915894,1.661493182182312,1.8099087476730347,1.9583244323730469,2.1067399978637695,2.255155563354492,2.403571128845215,2.5519866943359375,2.70040225982666,2.848817825317383,2.9972336292266846,3.1456491947174072,3.29406476020813,3.4424803256988525,3.590895891189575,3.739311456680298,3.8877270221710205,4.036142826080322,4.184558391571045,4.332973957061768,4.48138952255249,4.629805088043213]},"parameters/mlp_extractor.value_net.2.bias":{"bins":[-0.5234614610671997,-0.5047245025634766,-0.4859875738620758,-0.46725064516067505,-0.4485137164592743,-0.42977675795555115,-0.4110398292541504,-0.39230290055274963,-0.3735659718513489,-0.35482901334762573,-0.336092084646225,-0.3173551559448242,-0.2986181974411011,-0.2798812687397003,-0.26114434003829956,-0.2424073964357376,-0.22367045283317566,-0.2049335092306137,-0.18619658052921295,-0.167459636926651,-0.14872270822525024,-0.1299857646226883,-0.11124882102012634,-0.09251188486814499,-0.07377494871616364,-0.05503801256418228,-0.03630107268691063,-0.017564134672284126,0.0011728033423423767,0.01990974135696888,0.03864667937159538,0.057383619248867035,0.07612055540084839,0.09485749155282974,0.1135944277048111,0.13233137130737305,0.1510683000087738,0.16980524361133575,0.1885421872138977,0.20727911591529846,0.2260160595178604,0.24475300312042236,0.2634899318218231,0.2822268605232239,0.300963819026947,0.3197007477283478,0.33843767642974854,0.3571746349334717,0.37591156363487244,0.3946484923362732,0.41338545083999634,0.4321223795413971,0.45085930824279785,0.469596266746521,0.48833319544792175,0.5070701241493225,0.5258070826530457,0.544543981552124,0.5632809400558472,0.5820178985595703,0.6007547974586487,0.6194917559623718,0.638228714466095,0.6569656133651733,0.6757025718688965],"_type":"histogram","values":[1,2,0,0,5,1,0,1,3,3,2,2,0,1,0,2,2,5,2,1,2,1,1,5,3,3,11,29,16,9,7,3,2,1,0,1,1,2,1,1,0,2,2,0,1,1,0,0,0,0,0,0,0,0,8,63,23,4,1,0,1,1,1,16]},"parameters/value_net.weight":{"values":[1,0,1,0,0,0,0,0,0,4,2,0,0,2,1,2,0,3,3,2,7,5,5,5,7,5,14,9,8,10,3,1,0,0,1,1,3,13,4,2,18,78,19,2,2,2,0,0,0,3,0,0,0,1,0,1,0,0,1,1,0,1,1,2],