{"parameters/mlp_extractor.policy_net.2.bias":{"values":[256],"bins":[0,0],"_type":"histogram"},"parameters/action_net.bias":{"_type":"histogram","values":[126],"bins":[0,0]},"parameters/mlp_extractor.policy_net.0.bias":{"_type":"histogram","values":[256],"bins":[0,0]},"_step":0,"_runtime":18.259344,"parameters/mlp_extractor.value_net.2.weight":{"values":[2,2,7,5,13,20,30,53,70,90,131,195,251,336,461,562,748,923,1049,1302,1549,1830,2077,2322,2528,2823,2785,3131,3200,3317,3307,3295,3264,3036,2843,2604,2471,2220,1949,1681,1464,1166,1020,848,632,527,385,296,222,164,95,80,56,28,23,26,9,4,4,4,0,0,0,1],"bins":[-0.3415907323360443,-0.33029285073280334,-0.31899493932724,-0.307697057723999,-0.29639917612075806,-0.2851012647151947,-0.27380338311195374,-0.2625054717063904,-0.2512075901031494,-0.23990969359874725,-0.2286117970943451,-0.21731391549110413,-0.20601601898670197,-0.1947181224822998,-0.18342024087905884,-0.17212234437465668,-0.16082444787025452,-0.14952655136585236,-0.1382286548614502,-0.12693077325820923,-0.11563287675380707,-0.10433498024940491,-0.09303709119558334,-0.08173920214176178,-0.07044130563735962,-0.05914341285824776,-0.047845520079135895,-0.03654762730002403,-0.02524973452091217,-0.013951841741800308,-0.002653948962688446,0.008643943816423416,0.01994180679321289,0.031239699572324753,0.042537592351436615,0.05383548513054848,0.06513337790966034,0.0764312744140625,0.08772916346788406,0.09902705252170563,0.11032494902610779,0.12162284553050995,0.1329207420349121,0.14421862363815308,0.15551652014255524,0.1668144166469574,0.17811229825019836,0.18941019475460052,0.20070809125900269,0.21200598776340485,0.223303884267807,0.23460176587104797,0.24589966237545013,0.2571975588798523,0.26849544048309326,0.2797933518886566,0.2910912334918976,0.30238911509513855,0.3136870265007019,0.32498490810394287,0.33628278970718384,0.3475807011127472,0.35887858271598816,0.3701764941215515,0.3814743757247925],"_type":"histogram"},"parameters/mlp_extractor.value_net.0.bias":{"_type":"histogram","values":[256],"bins":[0,0]},"parameters/mlp_extractor.value_net.0.weight":{"_type":"histogram","values":[1,1,0,3,5,6,8,11,11,22,40,69,93,125,166,229,302,455,564,728,938,1135,1446,1625,1911,2216,2450,2809,3087,3344,3452,3644,3660,3730,3613,3589,3495,3273,3019,2685,2347,2038,1811,1551,1241,1055,833,658,486,372,300,232,185,118,92,49,36,19,19,8,4,7,2,1],"bins":[-0.3700854480266571,-0.3589698374271393,-0.3478541970252991,-0.33673858642578125,-0.3256229758262634,-0.3145073354244232,-0.3033917248249054,-0.2922761142253876,-0.28116047382354736,-0.27004486322402954,-0.2589292526245117,-0.2478136271238327,-0.2366980016231537,-0.22558239102363586,-0.21446676552295685,-0.20335115492343903,-0.19223552942276,-0.181119903922081,-0.17000429332256317,-0.15888866782188416,-0.14777305722236633,-0.13665743172168732,-0.1255418062210083,-0.11442618817090988,-0.10331057012081146,-0.09219495207071304,-0.08107933402061462,-0.06996370851993561,-0.05884809046983719,-0.04773247241973877,-0.03661685064435005,-0.025501230731606483,-0.014385581016540527,-0.003269961103796959,0.00784565880894661,0.018961278721690178,0.030076898634433746,0.041192516684532166,0.05230813845992088,0.0634237602353096,0.07453937828540802,0.08565499633550644,0.09677061438560486,0.10788623988628387,0.1190018579363823,0.1301174759864807,0.14123310148715973,0.15234871208667755,0.16346433758735657,0.17457996308803558,0.1856955736875534,0.19681119918823242,0.20792680978775024,0.21904243528842926,0.23015806078910828,0.2412736713886261,0.2523893117904663,0.26350492238998413,0.27462053298950195,0.2857361435890198,0.29685178399086,0.3079673945903778,0.31908300518989563,0.33019864559173584,0.34131425619125366]},"parameters/mlp_extractor.value_net.2.bias":{"_type":"histogram","values":[256],"bins":[0,0]},"_timestamp":1.753832212142911e+09,"parameters/value_net.bias":{"bins":[0,0],"_type":"histogram","values":[1]},"parameters/action_net.weight":{"_type":"histogram","values":[2,3,0,2,11,9,13,22,37,45,48,79,110,144,199,243,302,366,408,591,632,751,887,1054,1082,1238,1290,1436,1455,1487,1573,1510,1559,1479,1422,1464,1305,1203,1084,987,885,722,640,506,434,332,307,233,177,119,110,78,59,38,35,23,9,6,4,2,2,1,1,1],"bins":[-0.002406934043392539,-0.0023303674533963203,-0.0022538010962307453,-0.0021772345062345266,-0.0021006681490689516,-0.002024101559072733,-0.001947535201907158,-0.001870968728326261,-0.0017944022547453642,-0.0017178356647491455,-0.0016412691911682487,-0.0015647027175873518,-0.001488136244006455,-0.001411569770425558,-0.0013350032968446612,-0.0012584368232637644,-0.0011818703496828675,-0.0011053038761019707,-0.0010287374025210738,-0.000952170928940177,-0.0008756044553592801,-0.0007990379235707223,-0.0007224714499898255,-0.0006459049764089286,-0.0005693385028280318,-0.0004927720292471349,-0.00041620555566623807,-0.00033963905298151076,-0.0002630725794006139,-0.00018650610581971705,-0.00010993961768690497,-3.33731368300505e-05,4.319334402680397e-05,0.00011975982488365844,0.0001963263057405129,0.000272892793873325,0.00034945926745422184,0.0004260257410351187,0.000502592243719846,0.0005791587173007429,0.0006557251908816397,0.0007322916644625366,0.0008088581380434334,0.0008854246116243303,0.000961991143412888,0.001038557616993785,0.0011151240905746818,0.0011916905641555786,0.0012682570377364755,0.0013448235113173723,0.0014213899848982692,0.001497956458479166,0.0015745229320600629,0.0016510894056409597,0.0017276558792218566,0.0018042223528027534,0.0018807889427989721,0.001957355299964547,0.002033921889960766,0.002110488247126341,0.0021870548371225595,0.0022636211942881346,0.0023401877842843533,0.0024167541414499283,0.002493320731446147]},"parameters/mlp_extractor.policy_net.0.weight":{"bins":[-0.446184903383255,-0.4340534508228302,-0.4219219982624054,-0.4097905457019806,-0.3976591229438782,-0.38552767038345337,-0.37339621782302856,-0.36126476526260376,-0.34913331270217896,-0.33700186014175415,-0.32487040758132935,-0.31273895502090454,-0.30060750246047974,-0.2884760797023773,-0.2763446271419525,-0.2642131745815277,-0.2520817220211029,-0.2399502694606781,-0.2278188169002533,-0.21568737924098969,-0.20355592668056488,-0.19142447412014008,-0.17929303646087646,-0.16716158390045166,-0.15503013134002686,-0.14289867877960205,-0.13076722621917725,-0.11863578855991364,-0.10650433599948883,-0.09437288343906403,-0.08224143832921982,-0.07010999321937561,-0.05797851085662842,-0.04584706202149391,-0.033715613186359406,-0.0215841643512249,-0.009452715516090393,0.002678733319044113,0.01481018215417862,0.026941630989313126,0.03907307982444763,0.05120452865958214,0.06333597749471664,0.07546742260456085,0.08759887516498566,0.09973032772541046,0.11186177283525467,0.12399321794509888,0.13612467050552368,0.1482561230659485,0.1603875756263733,0.1725190132856369,0.1846504658460617,0.1967819184064865,0.20891335606575012,0.22104480862617493,0.23317626118659973,0.24530771374702454,0.25743916630744934,0.26957061886787415,0.28170204162597656,0.29383349418640137,0.30596494674682617,0.318096399307251,0.3302278518676758],"_type":"histogram","values":[1,0,0,0,0,0,0,0,0,0,4,3,6,15,18,36,66,88,122,206,261,391,537,690,875,1055,1440,1711,2030,2380,2698,3082,3328,3709,3714,4008,4046,4160,3939,3708,3531,3346,2879,2631,2230,1897,1493,1224,981,794,599,443,339,231,160,111,80,61,28,14,11,9,2,3]},