{"parameters/log_std":{"_type":"histogram","values":[126],"bins":[0,0]},"parameters/mlp_extractor.value_net.0.weight":{"_type":"histogram","values":[2,0,3,13,13,26,28,49,64,80,106,186,241,325,421,551,618,802,1025,1263,1491,1677,1953,2333,2666,2797,3111,3178,3358,3591,3621,3654,3563,3405,3131,2998,2830,2556,2353,1996,1814,1568,1293,1012,868,673,555,419,329,232,181,122,87,63,51,26,20,13,10,6,2,1,0,1],"bins":[-0.33187106251716614,-0.3211759626865387,-0.31048083305358887,-0.2997857332229614,-0.289090633392334,-0.27839553356170654,-0.2677004039287567,-0.2570053040981293,-0.24631020426750183,-0.2356150895357132,-0.22491997480392456,-0.21422487497329712,-0.20352976024150848,-0.19283466041088104,-0.1821395456790924,-0.17144444584846497,-0.16074933111667633,-0.1500542163848877,-0.13935911655426025,-0.12866400182247162,-0.11796890199184418,-0.10727378726005554,-0.0965786799788475,-0.08588357269763947,-0.07518846541643143,-0.06449335813522339,-0.05379825085401535,-0.043103139847517014,-0.032408032566308975,-0.021712925285100937,-0.01101781614124775,-0.0003227079287171364,0.010372400283813477,0.021067507565021515,0.03176261484622955,0.04245772585272789,0.05315283313393593,0.06384794414043427,0.0745430514216423,0.08523815870285034,0.09593326598405838,0.10662837326526642,0.11732348054647446,0.1280185878276825,0.13871370255947113,0.14940880239009857,0.1601039171218872,0.17079901695251465,0.18149413168430328,0.19218924641609192,0.20288434624671936,0.213579460978508,0.22427456080913544,0.23496967554092407,0.2456647753715515,0.25635987520217896,0.2670550048351288,0.2777501046657562,0.28844520449638367,0.2991403341293335,0.30983543395996094,0.3205305337905884,0.3312256336212158,0.34192076325416565,0.3526158630847931]},"parameters/mlp_extractor.policy_net.0.weight":{"values":[3,2,3,9,9,12,24,36,41,78,97,142,166,236,332,416,584,697,908,1034,1302,1572,1773,2152,2412,2707,2942,3162,3315,3502,3536,3598,3540,3568,3372,3141,3022,2745,2470,2243,1962,1704,1401,1219,981,743,641,459,378,274,263,141,118,83,41,35,32,16,8,5,5,7,3,2],"bins":[-0.3409106433391571,-0.33016014099121094,-0.31940966844558716,-0.308659166097641,-0.2979086637496948,-0.28715819120407104,-0.2764076888561249,-0.2656572163105011,-0.25490671396255493,-0.24415622651576996,-0.23340573906898499,-0.22265523672103882,-0.21190474927425385,-0.20115426182746887,-0.1904037594795227,-0.17965327203273773,-0.16890278458595276,-0.15815229713916779,-0.1474018096923828,-0.13665130734443665,-0.12590081989765167,-0.1151503324508667,-0.10439983755350113,-0.09364934265613556,-0.08289885520935059,-0.07214836776256561,-0.06139787286520004,-0.05064738169312477,-0.0398968905210495,-0.029146399348974228,-0.018395908176898956,-0.007645417004823685,0.0031050443649291992,0.01385553553700447,0.024606026709079742,0.035356517881155014,0.046107009053230286,0.05685750022530556,0.06760799139738083,0.0783584862947464,0.08910897374153137,0.09985946118831635,0.11060995608568192,0.12136045098304749,0.13211093842983246,0.14286142587661743,0.1536119282245636,0.16436241567134857,0.17511290311813354,0.18586339056491852,0.1966138780117035,0.20736438035964966,0.21811486780643463,0.2288653552532196,0.23961585760116577,0.25036633014678955,0.2611168324947357,0.2718673348426819,0.28261780738830566,0.29336830973625183,0.304118812084198,0.3148692846298218,0.32561978697776794,0.3363702595233917,0.3471207618713379],"_type":"histogram"},"_timestamp":1.753887909901797e+09,"_step":0,"_wandb":{"runtime":37},"parameters/mlp_extractor.policy_net.2.bias":{"values":[256],"bins":[0,0],"_type":"histogram"},"parameters/action_net.weight":{"bins":[-0.0022426305804401636,-0.0021704749669879675,-0.0020983193535357714,-0.0020261637400835752,-0.001954008126631379,-0.0018818526295945048,-0.0018096970161423087,-0.0017375414026901126,-0.0016653857892379165,-0.0015932301757857203,-0.0015210745623335242,-0.001448918948881328,-0.0013767634518444538,-0.0013046078383922577,-0.0012324522249400616,-0.0011602966114878654,-0.0010881409980356693,-0.0010159853845834732,-0.0009438297711312771,-0.0008716742158867419,-0.0007995186024345458,-0.0007273629889823496,-0.0006552074337378144,-0.0005830518202856183,-0.0005108962068334222,-0.00043874059338122606,-0.0003665850090328604,-0.00029442942468449473,-0.0002222738112322986,-0.00015011821233201772,-7.796261343173683e-05,-5.807014531455934e-06,6.634881719946861e-05,0.0001385044160997495,0.0002106600150000304,0.00028281559934839606,0.0003549712128005922,0.0004271268262527883,0.0004992823814973235,0.0005714379949495196,0.0006435936084017158,0.0007157492218539119,0.000787904835306108,0.0008600603905506432,0.0009322160040028393,0.0010043715592473745,0.0010765271726995707,0.0011486827861517668,0.001220838399603963,0.001292994013056159,0.0013651496265083551,0.0014373052399605513,0.0015094608534127474,0.0015816163504496217,0.0016537719639018178,0.001725927577354014,0.00179808319080621,0.0018702388042584062,0.0019423944177106023,0.0020145499147474766,0.0020867055281996727,0.002158861141651869,0.002231016755104065,0.002303172368556261,0.002375327982008457],"_type":"histogram","values":[2,4,8,5,17,23,23,31,41,59,109,112,141,203,224,301,377,416,488,605,681,782,934,1047,1117,1221,1284,1364,1370,1481,1473,1501,1382,1390,1387,1371,1239,1117,1011,900,816,779,647,513,467,378,324,268,201,141,134,92,87,53,34,28,17,9,9,8,7,1,0,2]},"parameters/value_net.bias":{"values":[1],"bins":[0,0],"_type":"histogram"},"parameters/value_net.weight":{"values":[1,0,0,0,0,0,0,0,0,0,0,0,0,2,1,1,0,1,2,7,3,7,2,4,2,5,4,9,14,5,10,12,12,11,5,9,12,17,10,7,10,8,8,8,8,4,3,3,4,3,2,4,2,4,2,2,0,1,1,0,1,0,1,2],"bins":[-0.2233608216047287,-0.21709512174129486,-0.21082940697669983,-0.204563707113266,-0.19829799234867096,-0.19203229248523712,-0.1857665777206421,-0.17950087785720825,-0.17323517799377441,-0.16696946322917938,-0.16070376336574554,-0.1544380486011505,-0.14817234873771667,-0.14190663397312164,-0.1356409341096878,-0.12937521934509277,-0.12310951948165894,-0.1168438121676445,-0.11057810485363007,-0.10431239753961563,-0.0980466902256012,-0.09178099036216736,-0.08551528304815292,-0.07924957573413849,-0.07298386842012405,-0.06671816110610962,-0.060452453792095184,-0.05418675020337105,-0.04792104288935661,-0.04165533557534218,-0.03538963198661804,-0.029123924672603607,-0.022858232259750366,-0.01659252494573593,-0.010326819494366646,-0.004061113111674786,0.0022045932710170746,0.008470299653708935,0.014736006036400795,0.02100171148777008,0.027267418801784515,0.03353312611579895,0.039798833429813385,0.04606453701853752,0.052330244332551956,0.05859595164656639,0.06486165523529053,0.07112736254930496,0.0773930698633194,0.08365877717733383,0.08992448449134827,0.0961901918053627,0.10245589911937714,0.10872159898281097,0.11498730629682541,0.12125301361083984,0.12751871347427368,0.1337844282388687,0.14005012810230255,0.14631584286689758,0.15258154273033142,0.15884725749492645,0.1651129573583603,0.17137867212295532,0.17764437198638916],"_type":"histogram"},"parameters/mlp_extractor.value_net.2.weight":{"values":[2,1,2,4,3,4,19,17,27,42,66,115,144,222,300,352,495,659,785,989,1239,1444,1713,2015,2066,2439,2717,2927,3066,3157,3216,3293,3301,3265,3202,2957,2826,2614,2390,2047,1804,1557,1261,1082,893,669,574,397,296,266,175,128,107,65,40,27,25,6,8,5,4,3,1,1],