{"parameters/value_net.bias":{"_type":"histogram","values":[1],"bins":[0,0]},"parameters/mlp_extractor.policy_net.2.weight":{"_type":"histogram","values":[1,0,1,1,7,6,9,23,28,39,49,93,122,167,244,297,413,536,687,823,1003,1230,1603,1777,1953,2239,2501,2883,2973,3119,3346,3294,3329,3360,3285,3078,2894,2702,2527,2218,1933,1735,1447,1231,1011,807,644,514,376,276,187,156,123,85,46,30,28,24,7,9,2,1,2,2],"bins":[-0.3718021810054779,-0.3603375256061554,-0.3488729000091553,-0.33740824460983276,-0.32594358921051025,-0.31447893381118774,-0.30301427841186523,-0.2915496528148651,-0.2800849974155426,-0.2686203420162201,-0.25715571641921997,-0.24569106101989746,-0.23422640562057495,-0.22276175022125244,-0.21129710972309113,-0.1998324692249298,-0.1883678138256073,-0.1769031584262848,-0.16543851792812347,-0.15397387742996216,-0.14250922203063965,-0.13104456663131714,-0.11957994103431702,-0.1081152856349945,-0.096650630235672,-0.08518597483634949,-0.07372131943702698,-0.062256693840026855,-0.050792038440704346,-0.039327383041381836,-0.027862757444381714,-0.016398102045059204,-0.004933476448059082,0.006531178951263428,0.017995834350585938,0.02946045994758606,0.04092511534690857,0.05238977074623108,0.0638543963432312,0.07531905174255371,0.08678370714187622,0.09824836254119873,0.10971301794052124,0.12117764353752136,0.13264229893684387,0.14410695433616638,0.1555715948343277,0.167036235332489,0.17850089073181152,0.18996554613113403,0.20143018662929535,0.21289482712745667,0.22435948252677917,0.23582413792610168,0.247288778424263,0.2587534189224243,0.2702180743217468,0.28168272972106934,0.29314738512039185,0.30461201071739197,0.3160766661167145,0.327541321516037,0.3390059471130371,0.3504706025123596,0.36193525791168213]},"parameters/mlp_extractor.value_net.2.weight":{"values":[2,2,1,5,10,10,18,22,41,51,72,119,157,226,267,357,491,613,754,943,1181,1421,1592,1825,2128,2353,2588,2770,2989,3128,3292,3317,3262,3243,3073,3013,2846,2548,2363,2017,1879,1669,1397,1163,975,797,643,483,383,287,229,161,108,75,58,46,25,21,8,3,5,4,3,4],"bins":[-0.3583845794200897,-0.34721073508262634,-0.33603689074516296,-0.3248630464076996,-0.3136891722679138,-0.30251532793045044,-0.29134148359298706,-0.2801676392555237,-0.2689937949180603,-0.2578199505805969,-0.24664610624313354,-0.23547224700450897,-0.2242984026670456,-0.21312455832958221,-0.20195069909095764,-0.19077685475349426,-0.17960301041603088,-0.1684291660785675,-0.15725532174110413,-0.14608146250247955,-0.13490761816501617,-0.1237337738275528,-0.11255991458892822,-0.10138607025146484,-0.09021222591400146,-0.07903838157653809,-0.06786453723907471,-0.05669069290161133,-0.04551681876182556,-0.03434297442436218,-0.023169130086898804,-0.011995285749435425,-0.0008214414119720459,0.010352402925491333,0.021526247262954712,0.03270009160041809,0.04387393593788147,0.055047810077667236,0.06622165441513062,0.077395498752594,0.08856934309005737,0.09974318742752075,0.11091703176498413,0.1220908910036087,0.13326473534107208,0.14443857967853546,0.15561243891716003,0.1667862832546234,0.1779601275920868,0.18913397192955017,0.20030781626701355,0.21148167550563812,0.2226555198431015,0.23382936418056488,0.24500322341918945,0.25617706775665283,0.2673509120941162,0.2785247564315796,0.28969860076904297,0.30087244510650635,0.3120462894439697,0.3232201635837555,0.33439400792121887,0.34556785225868225,0.35674169659614563],"_type":"histogram"},"parameters/action_net.weight":{"bins":[-0.0023191224317997694,-0.0022437244188040495,-0.0021683266386389732,-0.0020929286256432533,-0.0020175306126475334,-0.0019421327160671353,-0.0018667348194867373,-0.0017913368064910173,-0.0017159389099106193,-0.0016405410133302212,-0.0015651430003345013,-0.0014897451037541032,-0.001414347207173705,-0.0013389491941779852,-0.0012635512975975871,-0.0011881532846018672,-0.0011127553880214691,-0.001037357491441071,-0.0009619594784453511,-0.000886561581864953,-0.0008111635688692331,-0.000735765672288835,-0.000660367775708437,-0.0005849697627127171,-0.000509571866132319,-0.0004341739695519209,-0.000358775956556201,-0.00028337794356048107,-0.00020798016339540482,-0.0001325821503996849,-5.7184137403964996e-05,1.821364276111126e-05,9.361188858747482e-05,0.00016900990158319473,0.000244407681748271,0.0003198056947439909,0.0003952037077397108,0.00047060148790478706,0.000545999500900507,0.0006213975138962269,0.000696795410476625,0.000772193307057023,0.000847591320052743,0.000922989216633141,0.0009983871132135391,0.001073785126209259,0.0011491830227896571,0.001224581035785377,0.001299978932365775,0.0013753768289461732,0.001450774841941893,0.0015261727385222912,0.001601570751518011,0.0016769686480984092,0.0017523665446788073,0.0018277645576745272,0.0019031624542549253,0.0019785603508353233,0.0020539583638310432,0.002129356376826763,0.0022047541569918394,0.0022801521699875593,0.0023555501829832792,0.0024309479631483555,0.0025063459761440754],"_type":"histogram","values":[1,1,4,8,2,10,15,11,17,28,45,53,73,100,97,128,185,218,250,293,330,416,443,510,586,627,677,658,763,808,776,764,760,747,715,628,619,604,510,433,408,360,294,255,206,163,127,101,78,63,44,30,31,20,14,5,9,2,0,1,3,0,0,1]},"parameters/mlp_extractor.policy_net.0.weight":{"values":[4,2,6,6,11,14,20,44,38,67,92,120,175,208,241,326,390,455,597,700,758,843,984,1190,1203,1319,1494,1605,1574,1673,1676,1673,1686,1670,1559,1412,1399,1246,1142,1080,965,793,685,574,500,403,341,269,247,162,119,90,70,55,37,31,16,9,7,8,4,3,3,3],"bins":[-0.3235064148902893,-0.31311115622520447,-0.30271589756011963,-0.2923206388950348,-0.28192538022994995,-0.2715301215648651,-0.2611348628997803,-0.2507396340370178,-0.2403443604707718,-0.22994910180568695,-0.2195538431406021,-0.20915859937667847,-0.19876334071159363,-0.1883680820465088,-0.17797282338142395,-0.1675775647163391,-0.15718230605125427,-0.14678704738616943,-0.1363917887210846,-0.12599653005599976,-0.11560127139091492,-0.10520602762699127,-0.09481076896190643,-0.0844155102968216,-0.07402025163173676,-0.06362500786781311,-0.05322974920272827,-0.04283449053764343,-0.032439231872558594,-0.022043973207473755,-0.011648714542388916,-0.0012534558773040771,0.00914183259010315,0.01953709125518799,0.029932349920272827,0.040327608585357666,0.050722867250442505,0.061118125915527344,0.07151338458061218,0.08190864324569702,0.09230388700962067,0.1026991456747055,0.11309440433979034,0.12348966300487518,0.13388490676879883,0.14428016543388367,0.1546754240989685,0.16507068276405334,0.17546594142913818,0.18586120009422302,0.19625645875930786,0.2066517174243927,0.21704697608947754,0.22744223475456238,0.23783747851848602,0.24823273718357086,0.2586280107498169,0.26902323961257935,0.2794184982776642,0.289813756942749,0.30020901560783386,0.3106042742729187,0.32099953293800354,0.3313947916030884,0.3417900502681732],"_type":"histogram"},"parameters/mlp_extractor.value_net.0.bias":{"_type":"histogram","values":[256],"bins":[0,0]},"parameters/mlp_extractor.policy_net.0.bias":{"_type":"histogram","values":[256],"bins":[0,0]},"parameters/mlp_extractor.policy_net.2.bias":{"bins":[0,0],"_type":"histogram","values":[256]},"_wandb":{"runtime":32},"_timestamp":1.7533845310724382e+09,"parameters/mlp_extractor.value_net.2.bias":{"_type":"histogram","values":[256],"bins":[0,0]},"_step":0,